{
  "model_name": "bert_base",
  "evaluation": {
    "model_name": "BertClassifier",
    "classification": {
      "accuracy": 0.846551724137931,
      "zero_hop_precision": 0.7788018433179723,
      "zero_hop_recall": 0.7770114942528735,
      "zero_hop_f1": 0.7779056386651323,
      "zero_hop_support": "435",
      "one_hop_precision": 0.8047752808988764,
      "one_hop_recall": 0.8232758620689655,
      "one_hop_f1": 0.8139204545454546,
      "one_hop_support": "696",
      "multi_hop_precision": 0.9461279461279462,
      "multi_hop_recall": 0.922824302134647,
      "multi_hop_f1": 0.9343308395677473,
      "multi_hop_support": "609",
      "macro_precision": 0.843235023448265,
      "macro_recall": 0.8410372194854953,
      "macro_f1": 0.8420523109261114,
      "micro_precision": 0.846551724137931,
      "micro_recall": 0.846551724137931,
      "micro_f1": 0.846551724137931,
      "f1_variance": 0.0044738412512815295,
      "f1_std": 0.06688677934600776,
      "confusion_matrix": "[[338  93   4]\n [ 95 573  28]\n [  1  46 562]]",
      "log_loss": 0.39693060363036203,
      "zero_hop_brier": 0.0815681825438581,
      "one_hop_brier": 0.10925239488039175,
      "multi_hop_brier": 0.034221783172500034,
      "mean_brier_score": 0.07501412019891662
    },
    "calibration": {
      "ECE": 0.07428542147765216,
      "MCE": 0.18717118583876513,
      "brier_score": 0.22504236070109984,
      "nll": "0.39693058",
      "mean_confidence": "0.91792274",
      "confidence_std": "0.13260661",
      "accuracy": 0.846551724137931,
      "overconfidence": "0.7788872",
      "underconfidence": "0.056875292",
      "reliability_data": {
        "bin_centers": [
          0.03333333333333333,
          0.1,
          0.16666666666666669,
          0.23333333333333334,
          0.3,
          0.3666666666666667,
          0.43333333333333335,
          0.5,
          0.5666666666666667,
          0.6333333333333333,
          0.7,
          0.7666666666666666,
          0.8333333333333334,
          0.9,
          0.9666666666666667
        ],
        "bin_accuracies": [
          0,
          0,
          0,
          0,
          0,
          0,
          0.3333333333333333,
          0.5882352941176471,
          0.3793103448275862,
          0.5423728813559322,
          0.6101694915254238,
          0.6235294117647059,
          0.6559139784946236,
          0.7165354330708661,
          0.9468085106382979
        ],
        "bin_confidences": [
          0,
          0,
          0,
          0,
          0,
          0,
          "0.44713542",
          "0.51366204",
          "0.56648153",
          "0.6315574",
          "0.6978155",
          "0.7663977",
          "0.8321187",
          "0.90244687",
          "0.9901385"
        ],
        "bin_counts": [
          0,
          0,
          0,
          0,
          0,
          0,
          "3",
          "34",
          "58",
          "59",
          "59",
          "85",
          "93",
          "127",
          "1222"
        ],
        "bin_errors": [
          0,
          0,
          0,
          0,
          0,
          0,
          0.11380208532015484,
          0.07457325388403502,
          0.18717118583876513,
          0.0891845236390324,
          0.08764598632262921,
          0.14286830285016228,
          0.17620471151926187,
          0.18591143296459534,
          0.043329960488258545
        ]
      }
    },
    "timestamp": "2025-08-09T15:07:56.420030"
  },
  "best_params": {
    "batch_size": 16,
    "learning_rate": 1e-05,
    "max_epochs": 3,
    "weight_decay": 0.01,
    "model_params": {
      "model_name": "bert-base-cased",
      "num_classes": 3,
      "device": "cuda",
      "use_local_model": true,
      "fallback_to_online": true
    }
  },
  "cv_results": {
    "cv_accuracy": 0.8660536407265379,
    "cv_ece": 0.05296164143731184,
    "composite_score": 0.813091999289226,
    "cv_scores": [
      0.8805555555555555,
      0.8646464646464647,
      0.8575757575757575,
      0.8654040404040404,
      0.8620863854508715
    ],
    "cv_ece_scores": [
      0.044257799377947125,
      0.05480274761264973,
      0.06568526780665522,
      0.0549557999152728,
      0.04510659247403433
    ],
    "fold_histories": [
      {
        "train_loss": [
          0.4657051211085852,
          0.30653576216065365,
          0.22782235722900357
        ],
        "train_acc": [
          0.8045012255812226,
          0.8773676000891332,
          0.9081185471291688
        ],
        "val_acc": [
          0.8442760942760943,
          0.8531144781144782,
          0.8623737373737373
        ],
        "epochs_completed": 3
      },
      {
        "train_loss": [
          0.4619007549710979,
          0.3139436930559593,
          0.23021166610162078
        ],
        "train_acc": [
          0.8128203223650003,
          0.8748421599940578,
          0.9116838743222164
        ],
        "val_acc": [
          0.8535353535353535,
          0.8501683501683501,
          0.859006734006734
        ],
        "epochs_completed": 3
      },
      {
        "train_loss": [
          0.45455522376893537,
          0.3013485232788424,
          0.2192313660006979
        ],
        "train_acc": [
          0.8120032682165936,
          0.8762534353413058,
          0.9133922602688851
        ],
        "val_acc": [
          0.8724747474747475,
          0.8707912457912458,
          0.8657407407407407
        ],
        "epochs_completed": 3
      },
      {
        "train_loss": [
          0.45222854426223563,
          0.30669706442665456,
          0.2313614343923479
        ],
        "train_acc": [
          0.8171284260565995,
          0.8767733788902919,
          0.9039589987372799
        ],
        "val_acc": [
          0.851010101010101,
          0.8632154882154882,
          0.8518518518518519
        ],
        "epochs_completed": 3
      },
      {
        "train_loss": [
          0.464183993442891,
          0.31286685639492406,
          0.2357522485304332
        ],
        "train_acc": [
          0.8077837195484254,
          0.8752970885323826,
          0.9061200237670826
        ],
        "val_acc": [
          0.8468013468013468,
          0.8653198653198653,
          0.8615319865319865
        ],
        "epochs_completed": 3
      }
    ]
  },
  "training_metadata": {
    "framework": "unified",
    "timestamp": "2025-08-09T15:07:56.985716",
    "device": "cuda",
    "random_seed": 42
  }
}