{
  "model_name": "BertClassifier",
  "classification": {
    "accuracy": 0.846551724137931,
    "zero_hop_precision": 0.7788018433179723,
    "zero_hop_recall": 0.7770114942528735,
    "zero_hop_f1": 0.7779056386651323,
    "zero_hop_support": "435",
    "one_hop_precision": 0.8047752808988764,
    "one_hop_recall": 0.8232758620689655,
    "one_hop_f1": 0.8139204545454546,
    "one_hop_support": "696",
    "multi_hop_precision": 0.9461279461279462,
    "multi_hop_recall": 0.922824302134647,
    "multi_hop_f1": 0.9343308395677473,
    "multi_hop_support": "609",
    "macro_precision": 0.843235023448265,
    "macro_recall": 0.8410372194854953,
    "macro_f1": 0.8420523109261114,
    "micro_precision": 0.846551724137931,
    "micro_recall": 0.846551724137931,
    "micro_f1": 0.846551724137931,
    "f1_variance": 0.0044738412512815295,
    "f1_std": 0.06688677934600776,
    "confusion_matrix": "[[338  93   4]\n [ 95 573  28]\n [  1  46 562]]",
    "log_loss": 0.39693060363036203,
    "zero_hop_brier": 0.0815681825438581,
    "one_hop_brier": 0.10925239488039175,
    "multi_hop_brier": 0.034221783172500034,
    "mean_brier_score": 0.07501412019891662
  },
  "calibration": {
    "ECE": 0.07428542147765216,
    "MCE": 0.18717118583876513,
    "brier_score": 0.22504236070109984,
    "nll": "0.39693058",
    "mean_confidence": "0.91792274",
    "confidence_std": "0.13260661",
    "accuracy": 0.846551724137931,
    "overconfidence": "0.7788872",
    "underconfidence": "0.056875292",
    "reliability_data": {
      "bin_centers": [
        0.03333333333333333,
        0.1,
        0.16666666666666669,
        0.23333333333333334,
        0.3,
        0.3666666666666667,
        0.43333333333333335,
        0.5,
        0.5666666666666667,
        0.6333333333333333,
        0.7,
        0.7666666666666666,
        0.8333333333333334,
        0.9,
        0.9666666666666667
      ],
      "bin_accuracies": [
        0,
        0,
        0,
        0,
        0,
        0,
        0.3333333333333333,
        0.5882352941176471,
        0.3793103448275862,
        0.5423728813559322,
        0.6101694915254238,
        0.6235294117647059,
        0.6559139784946236,
        0.7165354330708661,
        0.9468085106382979
      ],
      "bin_confidences": [
        0,
        0,
        0,
        0,
        0,
        0,
        "0.44713542",
        "0.51366204",
        "0.56648153",
        "0.6315574",
        "0.6978155",
        "0.7663977",
        "0.8321187",
        "0.90244687",
        "0.9901385"
      ],
      "bin_counts": [
        0,
        0,
        0,
        0,
        0,
        0,
        "3",
        "34",
        "58",
        "59",
        "59",
        "85",
        "93",
        "127",
        "1222"
      ],
      "bin_errors": [
        0,
        0,
        0,
        0,
        0,
        0,
        0.11380208532015484,
        0.07457325388403502,
        0.18717118583876513,
        0.0891845236390324,
        0.08764598632262921,
        0.14286830285016228,
        0.17620471151926187,
        0.18591143296459534,
        0.043329960488258545
      ]
    }
  },
  "timestamp": "2025-08-09T15:07:56.420030"
}