{
  "uncalibrated": {
    "ECE": 0.10210744156234566,
    "MCE": 0.3711250478571112,
    "brier_score": 0.24469342673337138,
    "nll": 0.4719053929844861,
    "mean_confidence": 0.9365902001830353,
    "confidence_std": 0.11753587447042393,
    "accuracy": 0.8344827586206897,
    "overconfidence": 0.8098269104957581,
    "underconfidence": 0.03826666797816589,
    "reliability_data": {
      "bin_centers": [
        0.03333333333333333,
        0.1,
        0.16666666666666669,
        0.23333333333333334,
        0.3,
        0.3666666666666667,
        0.43333333333333335,
        0.5,
        0.5666666666666667,
        0.6333333333333333,
        0.7,
        0.7666666666666666,
        0.8333333333333334,
        0.9,
        0.9666666666666667
      ],
      "bin_accuracies": [
        0,
        0,
        0,
        0,
        0,
        0,
        0,
        0.5,
        0.375,
        0.2727272727272727,
        0.6428571428571429,
        0.45,
        0.5294117647058824,
        0.65,
        0.9287833827893175
      ],
      "bin_confidences": [
        0,
        0,
        0,
        0,
        0,
        0,
        0,
        0.5164310336112976,
        0.5850903168320656,
        0.6438523205843839,
        0.6947838195732662,
        0.7705232471227645,
        0.8393743003115934,
        0.902353897690773,
        0.9913006269259693
      ],
      "bin_counts": [
        0,
        0,
        0,
        0,
        0,
        0,
        0,
        8,
        8,
        11,
        14,
        20,
        17,
        20,
        337
      ],
      "bin_errors": [
        0,
        0,
        0,
        0,
        0,
        0,
        0,
        0.016431033611297607,
        0.21009031683206558,
        0.3711250478571112,
        0.05192667671612328,
        0.32052324712276453,
        0.3099625356057111,
        0.252353897690773,
        0.06251724413665183
      ]
    }
  },
  "temperature_scaling": {
    "ECE": 0.04467564656277864,
    "MCE": 0.4561526185025896,
    "brier_score": 0.21440084181718427,
    "nll": 0.36116719751215826,
    "mean_confidence": 0.8737723035312166,
    "confidence_std": 0.14966057672575556,
    "accuracy": 0.8344827586206897,
    "overconfidence": 0.69613060723983,
    "underconfidence": 0.0909929798490044,
    "reliability_data": {
      "bin_centers": [
        0.03333333333333333,
        0.1,
        0.16666666666666669,
        0.23333333333333334,
        0.3,
        0.3666666666666667,
        0.43333333333333335,
        0.5,
        0.5666666666666667,
        0.6333333333333333,
        0.7,
        0.7666666666666666,
        0.8333333333333334,
        0.9,
        0.9666666666666667
      ],
      "bin_accuracies": [
        0,
        0,
        0,
        0,
        0,
        0,
        0.0,
        0.5384615384615384,
        0.4,
        0.5416666666666666,
        0.5,
        0.7142857142857143,
        0.75,
        0.8805970149253731,
        0.9907834101382489
      ],
      "bin_confidences": [
        0,
        0,
        0,
        0,
        0,
        0,
        0.4561526185025896,
        0.5086596217291759,
        0.5670155084321552,
        0.6324816189680669,
        0.700689123014362,
        0.7740003357189896,
        0.8392401882342866,
        0.9014841985623568,
        0.987170266397032
      ],
      "bin_counts": [
        0,
        0,
        0,
        0,
        0,
        0,
        2,
        13,
        25,
        24,
        22,
        21,
        44,
        67,
        217
      ],
      "bin_errors": [
        0,
        0,
        0,
        0,
        0,
        0,
        0.4561526185025896,
        0.029801916732362543,
        0.16701550843215518,
        0.09081495230140024,
        0.20068912301436204,
        0.05971462143327533,
        0.08924018823428659,
        0.02088718363698372,
        0.0036131437412169065
      ]
    }
  },
  "tva_platt": {
    "ECE": 0.06058728298113295,
    "MCE": 0.523337553686177,
    "brier_score": 0.24536394860371538,
    "nll": 0.4491191599295253,
    "mean_confidence": 0.8677162150366372,
    "confidence_std": 0.1265303502349987,
    "accuracy": 0.8344827586206897,
    "overconfidence": 0.726244172582144,
    "underconfidence": 0.10422321455916576,
    "reliability_data": {
      "bin_centers": [
        0.03333333333333333,
        0.1,
        0.16666666666666669,
        0.23333333333333334,
        0.3,
        0.3666666666666667,
        0.43333333333333335,
        0.5,
        0.5666666666666667,
        0.6333333333333333,
        0.7,
        0.7666666666666666,
        0.8333333333333334,
        0.9,
        0.9666666666666667
      ],
      "bin_accuracies": [
        0,
        0,
        0,
        0,
        0,
        0,
        0.3333333333333333,
        1.0,
        0.2727272727272727,
        0.5384615384615384,
        0.59375,
        0.5789473684210527,
        0.7761194029850746,
        0.9452054794520548,
        0.9891304347826086
      ],
      "bin_confidences": [
        0,
        0,
        0,
        0,
        0,
        0,
        0.4526365326417872,
        0.47666244631382304,
        0.5605405541833075,
        0.6290847189418367,
        0.7010136187323317,
        0.7678535997795548,
        0.8345534304683256,
        0.8983760094810275,
        0.9782197368676269
      ],
      "bin_counts": [
        0,
        0,
        0,
        0,
        0,
        0,
        3,
        1,
        11,
        26,
        32,
        38,
        67,
        73,
        184
      ],
      "bin_errors": [
        0,
        0,
        0,
        0,
        0,
        0,
        0.1193031993084539,
        0.523337553686177,
        0.2878132814560348,
        0.09062318048029827,
        0.1072636187323317,
        0.18890623135850215,
        0.058434027483250994,
        0.04682946997102733,
        0.010910697914981782
      ]
    }
  },
  "tva_isotonic": {
    "ECE": 0.040218273950558325,
    "MCE": 0.5323989417179552,
    "brier_score": 0.2432443620569785,
    "nll": 0.5012990399759442,
    "mean_confidence": 0.8705290834139241,
    "confidence_std": 0.15208021042959768,
    "accuracy": 0.8367816091954023,
    "overconfidence": 0.7075174831195803,
    "underconfidence": 0.14938483200182043,
    "reliability_data": {
      "bin_centers": [
        0.03333333333333333,
        0.1,
        0.16666666666666669,
        0.23333333333333334,
        0.3,
        0.3666666666666667,
        0.43333333333333335,
        0.5,
        0.5666666666666667,
        0.6333333333333333,
        0.7,
        0.7666666666666666,
        0.8333333333333334,
        0.9,
        0.9666666666666667
      ],
      "bin_accuracies": [
        0,
        0,
        0,
        0,
        0,
        0.6666666666666666,
        0,
        1.0,
        0.3793103448275862,
        0.625,
        0.625,
        0,
        0.7083333333333334,
        0.9142857142857143,
        0.9887005649717514
      ],
      "bin_confidences": [
        0,
        0,
        0,
        0,
        0,
        0.375,
        0,
        0.4676010582820448,
        0.5846153846153846,
        0.6372182531921053,
        0.7049180327868853,
        0,
        0.8264888819739088,
        0.9213635019225083,
        0.9986223691128232
      ],
      "bin_counts": [
        0,
        0,
        0,
        0,
        0,
        3,
        0,
        1,
        29,
        56,
        16,
        0,
        48,
        105,
        177
      ],
      "bin_errors": [
        0,
        0,
        0,
        0,
        0,
        0.29166666666666663,
        0,
        0.5323989417179552,
        0.20530503978779846,
        0.012218253192105344,
        0.07991803278688525,
        0,
        0.11815554864057543,
        0.0070777876367940085,
        0.0099218041410718
      ]
    }
  },
  "tva_temperature": {
    "ECE": 0.060727231091540275,
    "MCE": 0.5258726192005214,
    "brier_score": 0.24480571430836617,