{
  "model_name": "random",
  "evaluation": {
    "model_name": "RandomClassifier",
    "classification": {
      "accuracy": 0.3235632183908046,
      "zero_hop_precision": 0.24835526315789475,
      "zero_hop_recall": 0.3471264367816092,
      "zero_hop_f1": 0.28954937679769893,
      "zero_hop_support": "435",
      "one_hop_precision": 0.3763250883392226,
      "one_hop_recall": 0.30603448275862066,
      "one_hop_f1": 0.3375594294770206,
      "one_hop_support": "696",
      "multi_hop_precision": 0.35159010600706714,
      "multi_hop_recall": 0.32676518883415434,
      "multi_hop_f1": 0.33872340425531916,
      "multi_hop_support": "609",
      "macro_precision": 0.3254234858347282,
      "macro_recall": 0.32664203612479475,
      "macro_f1": 0.3219440701766796,
      "micro_precision": 0.3235632183908046,
      "micro_recall": 0.3235632183908046,
      "micro_f1": 0.3235632183908046,
      "f1_variance": 0.0005249338857731718,
      "f1_std": 0.022911435698645597,
      "confusion_matrix": "[[151 154 130]\n [246 213 237]\n [211 199 199]]",
      "log_loss": 1.3522010600357628,
      "zero_hop_brier": 0.2297995684959163,
      "one_hop_brier": 0.27909154907040395,
      "multi_hop_brier": 0.2628439020737671,
      "mean_brier_score": 0.2572450065466958
    },
    "calibration": {
      "ECE": 0.19806459441770424,
      "MCE": 0.9629831937693544,
      "brier_score": 0.7717350196400874,
      "nll": 1.3522010600357628,
      "mean_confidence": 0.5245013760268997,
      "confidence_std": 0.11873145480372282,
      "accuracy": 0.3264367816091954,
      "overconfidence": 0.5246043936589929,
      "underconfidence": 0.47571118852382793,
      "reliability_data": {
        "bin_centers": [
          0.03333333333333333,
          0.1,
          0.16666666666666669,
          0.23333333333333334,
          0.3,
          0.3666666666666667,
          0.43333333333333335,
          0.5,
          0.5666666666666667,
          0.6333333333333333,
          0.7,
          0.7666666666666666,
          0.8333333333333334,
          0.9,
          0.9666666666666667
        ],
        "bin_accuracies": [
          0,
          0,
          0,
          0,
          0,
          0.35909090909090907,
          0.31678486997635935,
          0.32935560859188545,
          0.2867132867132867,
          0.3431952662721893,
          0.35294117647058826,
          0.34328358208955223,
          0.4,
          0.2857142857142857,
          0.0
        ],
        "bin_confidences": [
          0,
          0,
          0,
          0,
          0,
          0.3761933794357368,
          0.4354555147159206,
          0.49897493318183295,
          0.5640942673016487,
          0.6307065488406178,
          0.6926652674422311,
          0.7672783361671727,
          0.8303835887250581,
          0.896254325486523,
          0.9629831937693544
        ],
        "bin_counts": [
          0,
          0,
          0,
          0,
          0,
          "220",
          "423",
          "419",
          "286",
          "169",
          "102",
          "67",
          "30",
          "21",
          "3"
        ],
        "bin_errors": [
          0,
          0,
          0,
          0,
          0,
          0.017102470344827703,
          0.11867064473956124,
          0.1696193245899475,
          0.27738098058836197,
          0.2875112825684285,
          0.33972409097164286,
          0.42399475407762044,
          0.4303835887250581,
          0.6105400397722373,
          0.9629831937693544
        ]
      }
    },
    "timestamp": "2025-08-09T15:07:52.193497"
  },
  "best_params": {},
  "cv_results": null,
  "training_metadata": {
    "framework": "unified",
    "timestamp": "2025-08-09T15:07:52.193922",
    "device": "cuda",
    "random_seed": 42
  }
}