{
  "model_name": "RobertaClassifier",
  "classification": {
    "accuracy": 0.846551724137931,
    "zero_hop_precision": 0.752,
    "zero_hop_recall": 0.864367816091954,
    "zero_hop_f1": 0.8042780748663102,
    "zero_hop_support": "435",
    "one_hop_precision": 0.8277945619335347,
    "one_hop_recall": 0.7873563218390804,
    "one_hop_f1": 0.8070692194403535,
    "one_hop_support": "696",
    "multi_hop_precision": 0.9498269896193772,
    "multi_hop_recall": 0.9014778325123153,
    "multi_hop_f1": 0.9250210614995787,
    "multi_hop_support": "609",
    "macro_precision": 0.8432071838509706,
    "macro_recall": 0.8510673234811166,
    "macro_f1": 0.8454561186020809,
    "micro_precision": 0.846551724137931,
    "micro_recall": 0.846551724137931,
    "micro_f1": 0.846551724137931,
    "f1_variance": 0.003166588483813255,
    "f1_std": 0.056272448709943794,
    "confusion_matrix": "[[376  58   1]\n [120 548  28]\n [  4  56 549]]",
    "log_loss": 0.3552741426224671,
    "zero_hop_brier": 0.07152538559236038,
    "one_hop_brier": 0.10270034548973213,
    "multi_hop_brier": 0.03657400223816785,
    "mean_brier_score": 0.07026657777342012
  },
  "calibration": {
    "ECE": 0.0414499046816223,
    "MCE": 0.3875187039375305,
    "brier_score": 0.21079973315885772,
    "nll": "0.35527414",
    "mean_confidence": "0.88785106",
    "confidence_std": "0.14732951",
    "accuracy": 0.846551724137931,
    "overconfidence": "0.726602",
    "underconfidence": "0.0829205",
    "reliability_data": {
      "bin_centers": [
        0.03333333333333333,
        0.1,
        0.16666666666666669,
        0.23333333333333334,
        0.3,
        0.3666666666666667,
        0.43333333333333335,
        0.5,
        0.5666666666666667,
        0.6333333333333333,
        0.7,
        0.7666666666666666,
        0.8333333333333334,
        0.9,
        0.9666666666666667
      ],
      "bin_accuracies": [
        0,
        0,
        0,
        0,
        0,
        0.0,
        0.5,
        0.5098039215686274,
        0.48,
        0.6067415730337079,
        0.5411764705882353,
        0.6791044776119403,
        0.765625,
        0.8639455782312925,
        0.9669260700389105
      ],
      "bin_confidences": [
        0,
        0,
        0,
        0,
        0,
        "0.3875187",
        "0.43451583",
        "0.5118184",
        "0.56694067",
        "0.6340011",
        "0.7023587",
        "0.76780957",
        "0.82952344",
        "0.9025158",
        "0.9894155"
      ],
      "bin_counts": [
        0,
        0,
        0,
        0,
        0,
        "1",
        "2",
        "51",
        "75",
        "89",
        "85",
        "134",
        "128",
        "147",
        "1028"
      ],
      "bin_errors": [
        0,
        0,
        0,
        0,
        0,
        0.3875187039375305,
        0.06548416614532471,
        0.002014487397437037,
        0.08694066524505617,
        0.02725950318775816,
        0.16118225209853232,
        0.08870509222372258,
        0.06389844417572021,
        0.038570250378174076,
        0.02248945635116517
      ]
    }
  },
  "timestamp": "2025-08-09T20:07:51.287942"
}