{
  "model_name": "RuleBasedClassifier",
  "classification": {
    "accuracy": 0.46551724137931033,
    "zero_hop_precision": 0.49134199134199136,
    "zero_hop_recall": 0.5218390804597701,
    "zero_hop_f1": 0.5061315496098104,
    "zero_hop_support": "435",
    "one_hop_precision": 0.4119205298013245,
    "one_hop_recall": 0.4468390804597701,
    "one_hop_f1": 0.4286698828394211,
    "one_hop_support": "696",
    "multi_hop_precision": 0.5200764818355641,
    "multi_hop_recall": 0.4466338259441708,
    "multi_hop_f1": 0.48056537102473496,
    "multi_hop_support": "609",
    "macro_precision": 0.4744463343262933,
    "macro_recall": 0.4717706622879037,
    "macro_f1": 0.4717889344913222,
    "micro_precision": 0.46551724137931033,
    "micro_recall": 0.46551724137931033,
    "micro_f1": 0.46551724137931033,
    "f1_variance": 0.001038564555586985,
    "f1_std": 0.03222676768754485,
    "confusion_matrix": "[[227 151  57]\n [191 311 194]\n [ 44 293 272]]",
    "log_loss": 1.2116840350036044,
    "zero_hop_brier": 0.17422701149425285,
    "one_hop_brier": 0.31677442528735633,
    "multi_hop_brier": 0.2506882183908046,
    "mean_brier_score": 0.24722988505747123
  },
  "calibration": {
    "ECE": 0.27218390804597703,
    "MCE": 0.3999999999999999,
    "brier_score": 0.7416896551724138,
    "nll": 1.2116840350036044,
    "mean_confidence": 0.6404597701149426,
    "confidence_std": 0.1486174449157315,
    "accuracy": 0.46551724137931033,
    "overconfidence": 0.6543010752688172,
    "underconfidence": 0.37543209876543204,
    "reliability_data": {
      "bin_centers": [
        0.03333333333333333,
        0.1,
        0.16666666666666669,
        0.23333333333333334,
        0.3,
        0.3666666666666667,
        0.43333333333333335,
        0.5,
        0.5666666666666667,
        0.6333333333333333,
        0.7,
        0.7666666666666666,
        0.8333333333333334,
        0.9,
        0.9666666666666667
      ],
      "bin_accuracies": [
        0,
        0,
        0,
        0,
        0,
        0.5875831485587583,
        0,
        0,
        0,
        0,
        0.3767258382642998,
        0.6094420600858369,
        0,
        0.5,
        0
      ],
      "bin_confidences": [
        0,
        0,
        0,
        0,
        0,
        0.4000000000000001,
        0,
        0,
        0,
        0,
        0.7,
        0.8000000000000002,
        0,
        0.8999999999999999,
        0
      ],
      "bin_counts": [
        0,
        0,
        0,
        0,
        0,
        "451",
        0,
        0,
        0,
        0,
        "1014",
        "233",
        0,
        "42",
        0
      ],
      "bin_errors": [
        0,
        0,
        0,
        0,
        0,
        0.18758314855875818,
        0,
        0,
        0,
        0,
        0.32327416173570017,
        0.19055793991416325,
        0,
        0.3999999999999999,
        0
      ]
    }
  },
  "timestamp": "2025-08-09T15:07:52.307208"
}