threshold,route_accuracy,optimal_coverage,high_confidence_accuracy,fallback_usage_rate,avg_confidence,mode_distribution,n_samples
0.6,0.8603,0.9379,0.8824,0.0621,0.8682,"{'llm_only': {'count': 411, 'percentage': 23.620689655172413, 'avg_confidence': 0.8240566039976999}, 'naive': {'count': 716, 'percentage': 41.14942528735632, 'avg_confidence': 0.8011171915342413}, 'local': {'count': 613, 'percentage': 35.229885057471265, 'avg_confidence': 0.9761712526973663}}",1740
0.7,0.8603,0.7902,0.9287,0.2098,0.8682,"{'llm_only': {'count': 411, 'percentage': 23.620689655172413, 'avg_confidence': 0.8240566039976999}, 'naive': {'count': 716, 'percentage': 41.14942528735632, 'avg_confidence': 0.8011171915342413}, 'local': {'count': 613, 'percentage': 35.229885057471265, 'avg_confidence': 0.9761712526973663}}",1740
0.8,0.8603,0.746,0.943,0.254,0.8682,"{'llm_only': {'count': 411, 'percentage': 23.620689655172413, 'avg_confidence': 0.8240566039976999}, 'naive': {'count': 716, 'percentage': 41.14942528735632, 'avg_confidence': 0.8011171915342413}, 'local': {'count': 613, 'percentage': 35.229885057471265, 'avg_confidence': 0.9761712526973663}}",1740
0.9,0.8603,0.5879,0.9765,0.4121,0.8682,"{'llm_only': {'count': 411, 'percentage': 23.620689655172413, 'avg_confidence': 0.8240566039976999}, 'naive': {'count': 716, 'percentage': 41.14942528735632, 'avg_confidence': 0.8011171915342413}, 'local': {'count': 613, 'percentage': 35.229885057471265, 'avg_confidence': 0.9761712526973663}}",1740
