complexity,count,percentage
one_hop,16667,51.01778444396828
multi_hop,10067,30.815145856928588
zero_hop,5935,18.167069699103124
